id,first_name,last_name,email,gender,ip_address
1,Madison,Seaward,mseaward0@hud.gov,Female,224.127.196.9
2,Modestia,Kinchington,mkinchington1@webmd.com,Female,51.54.227.168
3,Mitchael,D'Costa,mdcosta2@wunderground.com,Male,219.92.198.233
4,Gilligan,Featherstonhaugh,gfeatherstonhaugh3@wsj.com,Female,159.3.5.205
5,Garrott,Fowden,gfowden4@skype.com,Female,40.131.169.226
6,Talia,Karpenko,tkarpenko5@dailymotion.com,Female,149.81.123.16
7,Florian,Rothman,frothman6@paginegialle.it,Female,35.141.204.180
8,Davin,Verbeke,dverbeke7@kickstarter.com,Male,134.107.53.87
9,Gunar,McRae,gmcrae8@constantcontact.com,Male,21.232.122.13
10,Anton,Statham,astatham9@latimes.com,Male,94.24.35.76
11,Caspar,Rockwell,crockwella@dedecms.com,Genderqueer,133.81.106.226
12,Tammara,Closs,tclossb@ihg.com,Genderfluid,146.67.252.238
13,Andy,Serchwell,aserchwellc@comsenz.com,Female,110.217.38.250
14,Chester,Sesser,csesserd@yandex.ru,Female,160.117.92.176
15,Debbi,Brotherhead,dbrotherheade@wufoo.com,Male,254.84.215.16
16,Aldo,Philipeau,aphilipeauf@mayoclinic.com,Male,12.203.226.183
17,Geneva,Polon,gpolong@constantcontact.com,Male,121.124.193.89
18,Field,Danovich,fdanovichh@guardian.co.uk,Polygender,134.163.135.5
19,Tonnie,Bolwell,tbolwelli@google.de,Male,237.29.45.176
20,Cornelle,Tregoning,ctregoningj@craigslist.org,Male,171.223.118.198
21,Gloriana,Pitkin,gpitkink@behance.net,Male,170.102.11.82
22,Mal,Heddon,mheddonl@squidoo.com,Male,106.243.174.189
23,Martino,Staries,mstariesm@webmd.com,Male,109.145.37.31
24,Joelly,Illidge,jillidgen@stumbleupon.com,Female,201.11.228.83
25,Faythe,Mynard,fmynardo@sitemeter.com,Female,44.184.98.174
26,Madelene,Memory,mmemoryp@ask.com,Male,15.234.191.13
27,Barn,Espie,bespieq@ed.gov,Female,194.0.91.27
28,Kamilah,Rowlin,krowlinr@woothemes.com,Female,59.179.129.10
29,Tuck,Ruger,trugers@hud.gov,Male,91.122.232.207
30,Dixie,Baistow,dbaistowt@ucoz.com,Female,205.130.9.254
31,Yvor,Waudby,ywaudbyu@ibm.com,Male,120.7.4.8
32,Craig,Baughn,cbaughnv@w3.org,Female,43.7.133.57
33,Burlie,Flori,bfloriw@myspace.com,Female,4.129.202.89
34,Tally,Lago,tlagox@360.cn,Male,75.192.172.115
35,Chrisy,Coushe,ccoushey@slashdot.org,Male,202.101.27.196
36,Carey,Falshaw,cfalshawz@cbsnews.com,Female,102.90.11.156
37,Isa,Klazenga,iklazenga10@posterous.com,Female,83.68.43.57
38,Willette,Grinyakin,wgrinyakin11@howstuffworks.com,Male,155.154.163.172
39,Romeo,Vesque,rvesque12@home.pl,Genderfluid,80.180.95.59
40,Averil,Janway,ajanway13@ycombinator.com,Male,139.187.164.232
41,Cello,Birkenshaw,cbirkenshaw14@npr.org,Male,164.40.59.124
42,Iorgos,Jones,ijones15@ucoz.com,Female,252.178.68.158
43,Phaidra,Staner,pstaner16@fda.gov,Male,199.114.195.125
44,Rodge,Zupa,rzupa17@jugem.jp,Male,117.173.120.146
45,Dotty,Hadcroft,dhadcroft18@about.com,Male,130.82.215.159
46,Shea,Cearley,scearley19@flickr.com,Male,39.160.194.75
47,Abigale,Dobbyn,adobbyn1a@topsy.com,Female,82.100.4.191
48,Inge,Greensted,igreensted1b@prnewswire.com,Bigender,207.103.92.67
49,Denna,McCarty,dmccarty1c@house.gov,Male,76.118.162.222
50,Angele,Larway,alarway1d@usda.gov,Female,129.246.162.229
51,Patrizius,Neill,pneill1e@intel.com,Male,75.217.245.64
52,Odele,Dumbelton,odumbelton1f@house.gov,Female,71.148.67.224
53,Cindra,Bogays,cbogays1g@ox.ac.uk,Female,80.107.156.229
54,Gerome,Malthouse,gmalthouse1h@unicef.org,Female,25.176.167.92
55,Letitia,Birth,lbirth1i@boston.com,Male,136.175.47.40
56,Whitaker,Vasiltsov,wvasiltsov1j@comcast.net,Male,133.211.70.61
57,Carolee,Bradie,cbradie1k@vk.com,Male,76.194.109.144
58,Keslie,Fishbourn,kfishbourn1l@stumbleupon.com,Male,19.66.253.252
59,Shandeigh,Donke,sdonke1m@google.com.au,Male,38.90.96.158
60,Allison,Pavlovic,apavlovic1n@hexun.com,Female,18.62.118.221
61,Andee,Mehew,amehew1o@amazon.com,Male,102.80.126.206
62,Irvine,Barby,ibarby1p@ucla.edu,Male,56.188.168.12
63,Giovanni,Meenehan,gmeenehan1q@constantcontact.com,Female,19.76.238.142
64,Cleon,Friday,cfriday1r@nymag.com,Male,0.177.132.209
65,Georgetta,Ruane,gruane1s@adobe.com,Male,66.129.249.221
66,Walton,Ayerst,wayerst1t@vk.com,Female,212.74.188.73
67,Tallie,Clemencon,tclemencon1u@ft.com,Male,180.196.110.162
68,Laird,Gwyer,lgwyer1v@t.co,Female,225.33.203.53
69,Teddie,Libri,tlibri1w@wix.com,Male,212.186.235.113
70,Kerby,Smorthwaite,ksmorthwaite1x@ustream.tv,Male,79.241.106.237
71,Goldina,Barneville,gbarneville1y@huffingtonpost.com,Male,98.39.134.193
72,Natka,Halbeard,nhalbeard1z@shop-pro.jp,Female,48.65.29.76
73,Esther,Nottingham,enottingham20@live.com,Male,197.13.50.219
74,Nerti,Lorenzin,nlorenzin21@multiply.com,Male,210.216.100.148
75,Pauletta,Huggan,phuggan22@g.co,Male,9.82.168.157
76,Rhody,Lytell,rlytell23@delicious.com,Male,212.246.104.178
77,Annie,Murkin,amurkin24@usnews.com,Male,159.102.126.160
78,Engracia,Kilbee,ekilbee25@hexun.com,Male,191.56.184.44
79,Ode,Diable,odiable26@army.mil,Male,80.153.240.175
80,Nicola,Milton-White,nmiltonwhite27@taobao.com,Female,157.134.95.34
81,Rorke,Garth,rgarth28@sun.com,Female,215.15.103.89
82,Kiersten,Audsley,kaudsley29@house.gov,Genderqueer,225.221.48.81
83,Chilton,Bebb,cbebb2a@amazon.co.jp,Female,65.123.37.193
84,Sashenka,Crittal,scrittal2b@list-manage.com,Female,181.230.173.9
85,Corney,MacIlraith,cmacilraith2c@webnode.com,Male,176.32.68.4
86,Marcelline,Gapper,mgapper2d@rediff.com,Male,228.201.18.149
87,Buck,Denys,bdenys2e@printfriendly.com,Male,187.186.224.80
88,Hillel,Glasspool,hglasspool2f@pcworld.com,Non-binary,83.108.74.238
89,Dolores,Mourant,dmourant2g@toplist.cz,Female,142.81.67.194
90,Corinne,Spottiswoode,cspottiswoode2h@wikia.com,Male,42.70.173.164
91,Jayson,Ratazzi,jratazzi2i@princeton.edu,Female,131.39.95.165
92,Townsend,Roiz,troiz2j@ifeng.com,Non-binary,197.242.245.122
93,Anabel,Barnhill,abarnhill2k@bbb.org,Female,91.168.237.100
94,Bard,Elner,belner2l@paginegialle.it,Female,67.201.10.18
95,Zebulen,Mahy,zmahy2m@goo.gl,Female,33.222.221.91
96,Henri,Plaxton,hplaxton2n@ox.ac.uk,Male,2.229.234.230
97,Daryle,O'Brogane,dobrogane2o@wikispaces.com,Female,31.120.210.61
98,Alphonso,Liles,aliles2p@ihg.com,Genderfluid,243.163.93.239
99,Ruby,Aldersea,raldersea2q@booking.com,Male,130.165.5.176
100,Nadeen,Spiteri,nspiteri2r@de.vu,Female,103.209.108.232
101,Pennie,Scorah,pscorah2s@shop-pro.jp,Female,160.161.193.128
102,Abelard,Reaper,areaper2t@reference.com,Female,186.37.66.106
103,Leighton,Hulatt,lhulatt2u@hibu.com,Male,37.139.185.131
104,Pierette,Bier,pbier2v@geocities.com,Non-binary,225.53.46.112
105,Halsy,Leece,hleece2w@freewebs.com,Male,47.35.9.16
106,Urson,Minucci,uminucci2x@auda.org.au,Female,239.212.85.153
107,Tova,Dougal,tdougal2y@newsvine.com,Polygender,36.31.153.97
108,Quintana,Pengilley,qpengilley2z@studiopress.com,Bigender,240.181.61.26
109,Mahmoud,Calloway,mcalloway30@discovery.com,Female,103.16.7.229
110,Bob,Hessay,bhessay31@icio.us,Male,198.236.168.164
111,Steffi,Hupe,shupe32@bbc.co.uk,Male,47.18.42.226
112,Marge,Goburn,mgoburn33@marriott.com,Female,34.249.27.183
113,Adolf,Pratten,apratten34@spiegel.de,Female,0.6.80.185
114,Baxie,Bugden,bbugden35@goo.ne.jp,Female,95.159.63.131
115,Lin,Stanhope,lstanhope36@umn.edu,Polygender,244.112.230.84
116,Gaelan,Mallett,gmallett37@apache.org,Female,193.51.226.31
117,Devin,Abrahamsson,dabrahamsson38@huffingtonpost.com,Male,198.181.59.91
118,Louisette,Morena,lmorena39@mayoclinic.com,Female,136.160.112.6
119,Martin,Bever,mbever3a@sogou.com,Male,51.215.84.178
120,Tracey,Kean,tkean3b@dailymotion.com,Male,1.34.27.50
121,Amye,Cudd,acudd3c@tuttocitta.it,Male,199.135.3.186
122,Ingeberg,Assandri,iassandri3d@nymag.com,Female,157.112.81.213
123,Elicia,Goodswen,egoodswen3e@ocn.ne.jp,Female,140.209.126.190
124,Griz,Scaysbrook,gscaysbrook3f@purevolume.com,Female,242.226.120.100
125,Annamaria,Gamlyn,agamlyn3g@chron.com,Female,25.206.24.62
126,Kliment,Eva,keva3h@noaa.gov,Male,34.213.178.131
127,Waldon,Warlaw,wwarlaw3i@ed.gov,Female,32.240.153.122
128,Andie,Paolone,apaolone3j@drupal.org,Male,205.120.21.105
129,Edin,Durram,edurram3k@uiuc.edu,Female,146.164.48.180
130,Jaime,Davidou,jdavidou3l@yellowpages.com,Male,168.206.114.100
131,Catharine,Bushby,cbushby3m@latimes.com,Female,85.19.38.210
132,Michele,MacDearmaid,mmacdearmaid3n@slideshare.net,Female,244.17.106.140
133,Serge,Kordt,skordt3o@sourceforge.net,Non-binary,148.225.240.16
134,Aldin,Lodovichi,alodovichi3p@com.com,Male,58.63.31.193
135,Prue,Gyngyll,pgyngyll3q@ebay.co.uk,Male,64.46.204.37
136,Alano,Wiffield,awiffield3r@opera.com,Male,68.204.178.127
137,Susie,Stannas,sstannas3s@go.com,Female,58.36.203.89
138,Tawnya,Kolis,tkolis3t@theatlantic.com,Male,61.11.249.180
139,Betsey,Faull,bfaull3u@sfgate.com,Male,209.35.56.78
140,Cullan,McKelvey,cmckelvey3v@bluehost.com,Female,161.99.165.128
141,Amelita,Rittmeier,arittmeier3w@cisco.com,Female,216.228.29.136
142,Norene,Redmire,nredmire3x@mail.ru,Male,238.54.162.228
143,Jewelle,Josselsohn,jjosselsohn3y@ucoz.com,Male,45.222.208.188
144,Shurwood,MacGuiness,smacguiness3z@imgur.com,Female,189.65.228.89
145,Aubert,Johnson,ajohnson40@cnbc.com,Male,198.166.27.158
146,Deanna,Flagg,dflagg41@tinypic.com,Male,172.62.165.11
147,Zach,Abrahamsohn,zabrahamsohn42@symantec.com,Female,150.73.107.239
148,Claudianus,Foottit,cfoottit43@hexun.com,Female,163.233.166.33
149,Tamma,Howton,thowton44@phoca.cz,Male,177.152.109.243
150,Brittni,Drakard,bdrakard45@house.gov,Female,51.242.37.18
151,Dene,Tremblay,dtremblay46@simplemachines.org,Female,73.186.233.183
152,Brose,Husthwaite,bhusthwaite47@amazon.co.jp,Female,157.72.235.55
153,Justinn,Tripcony,jtripcony48@bigcartel.com,Female,98.76.82.174
154,Denys,Coade,dcoade49@moonfruit.com,Female,141.1.116.105
155,Dayle,Morston,dmorston4a@w3.org,Male,254.89.114.135
156,Sebastien,Chritchlow,schritchlow4b@cbslocal.com,Female,35.16.56.64
157,Reidar,Stevings,rstevings4c@over-blog.com,Male,71.107.187.219
158,Franklyn,Dallmann,fdallmann4d@instagram.com,Male,181.108.232.166
159,Jayme,Atcheson,jatcheson4e@shutterfly.com,Male,138.129.23.13
160,Bird,Hoyes,bhoyes4f@bizjournals.com,Male,59.217.119.238
161,Alvie,Bousfield,abousfield4g@t.co,Male,140.158.116.196
162,Lurleen,Hender,lhender4h@gravatar.com,Male,106.102.111.70
163,Adam,Weighell,aweighell4i@topsy.com,Male,237.167.237.84
164,Rani,Woodland,rwoodland4j@washingtonpost.com,Male,35.80.180.119
165,Adelle,Brecher,abrecher4k@microsoft.com,Female,204.56.169.214
166,Nowell,Dutteridge,ndutteridge4l@discovery.com,Male,124.226.31.219
167,Enoch,Byne,ebyne4m@tripod.com,Male,46.229.163.141
168,Carla,Wilkerson,cwilkerson4n@foxnews.com,Genderfluid,251.27.96.39
169,Rancell,Limer,rlimer4o@bluehost.com,Female,195.180.60.42
170,Mallissa,Skillington,mskillington4p@rakuten.co.jp,Genderqueer,46.36.115.172
171,Lauraine,Dumigan,ldumigan4q@list-manage.com,Male,109.63.59.253
172,Paulo,Arons,parons4r@oracle.com,Male,131.231.129.12
173,Carley,Rippen,crippen4s@reuters.com,Female,88.248.69.62
174,Roze,Franceschielli,rfranceschielli4t@telegraph.co.uk,Female,202.159.217.41
175,Aluin,Ohanessian,aohanessian4u@edublogs.org,Female,49.134.218.101
176,Homer,Korneichik,hkorneichik4v@dyndns.org,Female,123.220.211.113
177,Wendy,Johnikin,wjohnikin4w@soundcloud.com,Female,208.152.83.210
178,Bax,Daingerfield,bdaingerfield4x@washington.edu,Male,205.152.3.227
179,Brigid,McKoy,bmckoy4y@clickbank.net,Male,88.247.100.154
180,Caro,McNiven,cmcniven4z@slideshare.net,Male,179.122.9.30
181,Terri-jo,Kirman,tkirman50@webeden.co.uk,Male,210.57.147.177
182,Haslett,Rupel,hrupel51@fema.gov,Female,49.45.210.105
183,Ingelbert,Spours,ispours52@redcross.org,Male,69.211.84.84
184,Karrie,Bowstead,kbowstead53@statcounter.com,Male,145.85.103.12
185,Rudolfo,Sheppey,rsheppey54@java.com,Female,94.111.41.174
186,Aaron,Daber,adaber55@uiuc.edu,Female,91.227.184.233
187,Tuckie,Hulse,thulse56@google.it,Female,62.96.149.202
188,Oby,Stillert,ostillert57@phpbb.com,Non-binary,23.236.199.47
189,Costanza,Delafont,cdelafont58@wsj.com,Female,243.85.89.166
190,Darci,MacPake,dmacpake59@fastcompany.com,Female,154.207.33.128
191,Sissy,Bowne,sbowne5a@ft.com,Male,148.11.152.126
192,Hetty,Hinkins,hhinkins5b@arstechnica.com,Female,229.72.142.168
193,Morris,Embling,membling5c@yellowpages.com,Polygender,53.78.192.67
194,Lucy,Keelinge,lkeelinge5d@clickbank.net,Male,72.174.150.138
195,Clementina,Rainforth,crainforth5e@thetimes.co.uk,Female,76.118.16.121
196,Odilia,Stern,ostern5f@bloomberg.com,Female,26.232.223.101
197,Leanor,Klouz,lklouz5g@wunderground.com,Male,65.203.17.252
198,Karin,Ofer,kofer5h@economist.com,Male,122.80.122.28
199,Marcelline,Pauling,mpauling5i@salon.com,Female,80.31.76.184
200,Vincents,Westwell,vwestwell5j@nytimes.com,Male,81.68.68.223
201,Pia,McBay,pmcbay5k@mtv.com,Female,184.53.127.124
202,Clari,Mallan,cmallan5l@usatoday.com,Female,157.154.100.246
203,Patrice,Douris,pdouris5m@photobucket.com,Male,7.214.109.200
204,Mylo,Towndrow,mtowndrow5n@cisco.com,Male,221.82.186.56
205,Ly,Sessions,lsessions5o@biblegateway.com,Female,67.14.244.70
206,Jilli,O'Keenan,jokeenan5p@seesaa.net,Male,85.2.183.200
207,Cherye,Crossingham,ccrossingham5q@cdc.gov,Female,192.57.245.174
208,Georges,Raye,graye5r@nasa.gov,Female,113.160.183.121
209,Lynn,Sickamore,lsickamore5s@epa.gov,Male,117.221.17.219
210,Jacquenetta,Baniard,jbaniard5t@marriott.com,Female,246.76.108.160
211,Thomasine,Lambert,tlambert5u@google.fr,Female,175.130.113.255
212,Trixi,Zelland,tzelland5v@sun.com,Male,237.56.87.108
213,Barbee,Taysbil,btaysbil5w@ebay.com,Male,239.176.18.124
214,Concettina,Kelson,ckelson5x@mozilla.com,Male,104.239.173.81
215,Niko,Swapp,nswapp5y@about.com,Female,87.12.92.189
216,Gerhardine,Bromidge,gbromidge5z@acquirethisname.com,Female,74.197.76.209
217,Fay,Persicke,fpersicke60@economist.com,Male,249.48.188.248
218,Gustave,Andrysiak,gandrysiak61@shareasale.com,Non-binary,147.171.168.178
219,Xerxes,Indge,xindge62@engadget.com,Male,143.102.119.144
220,Evangelia,Markl,emarkl63@amazonaws.com,Male,49.200.228.32
221,Joice,Hildrew,jhildrew64@cpanel.net,Female,254.2.185.89
222,Mill,Mager,mmager65@furl.net,Female,194.84.178.10
223,Charlton,Rattrie,crattrie66@yahoo.com,Genderqueer,3.67.120.239
224,Franciskus,Flescher,fflescher67@google.cn,Female,28.117.180.120
225,Brina,Hamer,bhamer68@godaddy.com,Female,6.102.8.143
226,Mano,Carefull,mcarefull69@narod.ru,Agender,118.181.191.243
227,Nealy,Blinkhorn,nblinkhorn6a@bravesites.com,Male,33.79.146.62
228,Colas,Bartlomiej,cbartlomiej6b@seattletimes.com,Female,77.80.235.137
229,Kathi,MacCumiskey,kmaccumiskey6c@umn.edu,Genderfluid,67.168.10.178
230,Lucila,Kitt,lkitt6d@shutterfly.com,Female,181.50.177.218
231,Briggs,Busen,bbusen6e@theatlantic.com,Male,152.187.228.166
232,Antonio,Polden,apolden6f@telegraph.co.uk,Male,5.67.66.102
233,Eustace,Newbold,enewbold6g@deliciousdays.com,Bigender,16.50.238.124
234,Georg,Faughey,gfaughey6h@posterous.com,Male,191.219.195.36
235,Brenn,Berni,bberni6i@technorati.com,Female,29.180.192.180
236,Munmro,Lepper,mlepper6j@google.com,Female,149.143.131.245
237,Ingaborg,Petrulis,ipetrulis6k@java.com,Male,78.166.37.63
238,Adolphe,Ebunoluwa,aebunoluwa6l@networkadvertising.org,Male,118.179.192.194
239,Burty,Belderfield,bbelderfield6m@newyorker.com,Female,141.238.231.63
240,Marlena,Boschmann,mboschmann6n@edublogs.org,Male,153.131.203.195
241,Sherry,Tunny,stunny6o@psu.edu,Agender,239.194.208.211
242,Will,Faucett,wfaucett6p@independent.co.uk,Male,77.119.104.185
243,Hedi,Arrighetti,harrighetti6q@netvibes.com,Male,145.246.170.204
244,Consalve,Rappaport,crappaport6r@nationalgeographic.com,Male,36.48.163.187
245,Alla,Lenard,alenard6s@weebly.com,Male,27.224.152.129
246,Galven,Mandre,gmandre6t@google.fr,Female,179.23.164.72
247,Loraine,Boman,lboman6u@drupal.org,Female,27.184.82.1
248,Verena,Gitting,vgitting6v@redcross.org,Male,7.89.118.224
249,Nicolas,Pasticznyk,npasticznyk6w@wiley.com,Female,203.96.195.218
250,Maddi,Fanning,mfanning6x@seesaa.net,Female,210.198.112.10
251,Valerie,Barnardo,vbarnardo6y@scientificamerican.com,Female,86.125.63.245
252,Gizela,Suggitt,gsuggitt6z@mediafire.com,Female,59.95.21.252
253,Archibald,Edmund,aedmund70@timesonline.co.uk,Male,177.201.0.173
254,Zorina,Fasler,zfasler71@telegraph.co.uk,Female,184.214.221.23
255,Zorah,Metcalfe,zmetcalfe72@wp.com,Male,83.224.139.1
256,Corinne,Alessandrini,calessandrini73@ft.com,Female,5.214.181.247
257,Les,Scullard,lscullard74@bloglines.com,Female,197.198.141.206
258,Flynn,Gomes,fgomes75@shop-pro.jp,Male,26.197.235.91
259,Ariel,Sherwyn,asherwyn76@macromedia.com,Male,252.4.17.68
260,Alexa,Heritege,aheritege77@unc.edu,Male,242.173.68.232
261,Katina,Lemonnier,klemonnier78@acquirethisname.com,Male,103.6.78.216
262,Rhodia,Domino,rdomino79@desdev.cn,Female,184.39.79.63
263,Livia,Connick,lconnick7a@google.ca,Male,212.244.19.245
264,Dania,Trett,dtrett7b@forbes.com,Male,80.202.32.122
265,Berni,Preble,bpreble7c@nifty.com,Female,200.37.122.224
266,Sorcha,Soppit,ssoppit7d@latimes.com,Male,81.75.239.9
267,Lilly,Martyntsev,lmartyntsev7e@npr.org,Female,112.194.69.183
268,Pietrek,Jurczik,pjurczik7f@sourceforge.net,Female,69.91.70.199
269,Caspar,Peever,cpeever7g@upenn.edu,Male,60.10.196.65
270,Cull,Leal,cleal7h@army.mil,Female,194.153.172.8
271,Jarib,Mizzen,jmizzen7i@gov.uk,Polygender,85.23.100.34
272,Fraser,Nowell,fnowell7j@japanpost.jp,Female,218.82.232.59
273,Brana,Offa,boffa7k@acquirethisname.com,Male,170.85.218.112
274,Kellen,Thorne,kthorne7l@oaic.gov.au,Female,185.183.77.138
275,Jacob,Pawfoot,jpawfoot7m@huffingtonpost.com,Male,40.151.243.193
276,Wolf,Duny,wduny7n@sphinn.com,Male,231.197.189.174
277,Cullan,Gall,cgall7o@squidoo.com,Female,92.200.122.83
278,Isaak,Boocock,iboocock7p@zimbio.com,Genderqueer,79.26.207.55
279,Christoffer,Fredy,cfredy7q@amazonaws.com,Male,62.26.224.68
280,Melamie,Klinck,mklinck7r@usnews.com,Male,23.245.160.37
281,Travis,Gabitis,tgabitis7s@zdnet.com,Male,42.202.45.141
282,Guinna,Ely,gely7t@zimbio.com,Male,155.34.196.155
283,Sawyere,Cramp,scramp7u@myspace.com,Female,91.34.213.52
284,Luce,Birks,lbirks7v@discovery.com,Male,32.17.116.194
285,Robbie,Piel,rpiel7w@ft.com,Female,219.171.198.226
286,Myer,Thorowgood,mthorowgood7x@hud.gov,Male,20.2.36.22
287,Polly,Fussen,pfussen7y@zdnet.com,Female,67.195.96.77
288,Colleen,Meran,cmeran7z@psu.edu,Male,227.36.77.183
289,Hermy,Hess,hhess80@last.fm,Bigender,63.220.49.75
290,Willis,Simioli,wsimioli81@google.com.hk,Male,140.159.26.181
291,Shelly,Grasser,sgrasser82@auda.org.au,Male,38.130.147.74
292,Dene,Spurdle,dspurdle83@ifeng.com,Female,180.131.181.49
293,Vernon,Sodory,vsodory84@myspace.com,Female,216.111.130.175
294,Lani,Hosier,lhosier85@google.com.br,Male,162.171.242.23
295,Brantley,Bram,bbram86@indiatimes.com,Female,200.253.88.118
296,Con,Soff,csoff87@tmall.com,Male,37.60.249.189
297,Lusa,Bachelar,lbachelar88@princeton.edu,Male,9.209.110.76
298,Maggie,Heilds,mheilds89@npr.org,Female,242.23.218.18
299,Toma,Mc Carroll,tmccarroll8a@theatlantic.com,Male,23.82.81.42
300,Lonna,Jaulme,ljaulme8b@a8.net,Male,254.179.85.175
301,Paton,Milroy,pmilroy8c@examiner.com,Male,119.168.223.69
302,Augustine,Elverston,aelverston8d@pinterest.com,Male,134.241.75.250
303,Monty,Workes,mworkes8e@xinhuanet.com,Non-binary,48.32.54.122
304,Juieta,Rummery,jrummery8f@furl.net,Male,26.132.19.169
305,Cammie,McDowell,cmcdowell8g@homestead.com,Male,192.63.240.233
306,Ursala,Pickard,upickard8h@jalbum.net,Male,196.50.161.90
307,Harman,Womersley,hwomersley8i@fema.gov,Male,140.104.203.59
308,Yovonnda,McNevin,ymcnevin8j@wufoo.com,Female,252.2.45.124
309,Ray,Riddick,rriddick8k@cbslocal.com,Male,48.78.178.18
310,Shamus,Pinney,spinney8l@nsw.gov.au,Female,30.165.3.19
311,Emanuel,Primett,eprimett8m@springer.com,Female,209.115.57.143
312,Alister,Drysdale,adrysdale8n@live.com,Female,231.245.202.194
313,Dalton,Isaq,disaq8o@amazon.de,Female,42.7.221.171
314,Moises,Aveling,maveling8p@boston.com,Male,235.79.139.59
315,Carolee,Keher,ckeher8q@163.com,Male,26.194.84.109
316,Xaviera,Ching,xching8r@omniture.com,Male,132.158.248.214
317,Jessie,Eberst,jeberst8s@uiuc.edu,Female,168.159.5.130
318,Flemming,Schirak,fschirak8t@posterous.com,Male,118.42.16.46
319,Cary,Heakins,cheakins8u@rediff.com,Female,229.172.0.206
320,Wells,Krauze,wkrauze8v@weather.com,Male,216.14.105.253
321,Erick,Kollach,ekollach8w@github.com,Male,220.131.28.254
322,Colas,Emmins,cemmins8x@amazon.de,Male,55.46.193.130
323,Emilio,Clayborn,eclayborn8y@tripod.com,Male,102.139.149.238
324,Junia,Bartoletti,jbartoletti8z@kickstarter.com,Male,251.37.86.214
325,Maryanna,Leander,mleander90@odnoklassniki.ru,Female,49.247.97.171
326,Gerri,Antwis,gantwis91@ocn.ne.jp,Male,27.89.118.2
327,Lyndsie,Antowski,lantowski92@shareasale.com,Female,97.8.219.97
328,Penn,Tock,ptock93@loc.gov,Female,86.27.225.127
329,Marietta,Jeffries,mjeffries94@live.com,Female,1.85.6.112
330,Barnaby,Hairyes,bhairyes95@bing.com,Polygender,232.150.249.37
331,Margie,Bankhurst,mbankhurst96@wisc.edu,Male,91.170.34.62
332,Harv,Fullstone,hfullstone97@economist.com,Male,227.71.209.81
333,Sargent,Mogey,smogey98@t.co,Male,25.16.47.162
334,Enriqueta,Crane,ecrane99@statcounter.com,Male,247.64.106.36
335,Alwin,Sevior,asevior9a@bloglovin.com,Agender,86.88.54.28
336,Agnese,Gutherson,agutherson9b@slate.com,Female,58.168.222.89
337,Mona,Rapier,mrapier9c@java.com,Female,23.158.209.101
338,Bunni,Goodin,bgoodin9d@indiatimes.com,Female,32.178.139.217
339,Fae,Wogden,fwogden9e@mit.edu,Female,151.19.218.155
340,Rosabel,Feldhammer,rfeldhammer9f@moonfruit.com,Male,26.142.86.58
341,Filberto,Deroche,fderoche9g@ted.com,Male,205.81.175.154
342,Seka,Iuorio,siuorio9h@privacy.gov.au,Male,237.180.235.28
343,Heidi,Machan,hmachan9i@toplist.cz,Male,196.119.107.10
344,Dode,Arboin,darboin9j@ovh.net,Agender,75.201.232.206
345,Dulciana,Grisenthwaite,dgrisenthwaite9k@apple.com,Female,191.220.65.36
346,Terrijo,Mann,tmann9l@ask.com,Male,7.19.228.37
347,Stanleigh,Rannells,srannells9m@joomla.org,Male,162.130.158.162
348,Britte,Bonnier,bbonnier9n@abc.net.au,Male,137.239.59.134
349,Claudelle,Graddon,cgraddon9o@dot.gov,Male,111.170.91.6
350,Lazare,Jewson,ljewson9p@goo.ne.jp,Male,100.73.159.186
351,Enrico,Eveleigh,eeveleigh9q@istockphoto.com,Polygender,160.92.121.168
352,Morganne,Mathouse,mmathouse9r@privacy.gov.au,Female,32.157.204.176
353,Ezechiel,Pounsett,epounsett9s@creativecommons.org,Female,197.35.4.106
354,Darla,Cowling,dcowling9t@purevolume.com,Female,214.238.130.174
355,Morse,Reames,mreames9u@aboutads.info,Male,5.209.216.21
356,Nial,Boch,nboch9v@theguardian.com,Female,195.26.191.52
357,Gladys,Le Sarr,glesarr9w@deviantart.com,Female,32.126.212.149
358,Morse,Cowhig,mcowhig9x@irs.gov,Male,172.156.134.224
359,Terra,MacGorrie,tmacgorrie9y@goo.gl,Female,45.126.16.14
360,Elizabeth,Oda,eoda9z@blogger.com,Non-binary,24.94.179.238
361,Germayne,Gotling,ggotlinga0@shop-pro.jp,Male,60.172.50.246
362,Bernardine,Vitte,bvittea1@clickbank.net,Female,3.140.136.182
363,Alix,Froment,afromenta2@tinyurl.com,Male,96.188.159.254
364,Pennie,McAlpin,pmcalpina3@nba.com,Polygender,35.70.227.27
365,Rickie,Scase,rscasea4@independent.co.uk,Male,250.90.184.152
366,Trixie,Eddow,teddowa5@forbes.com,Female,192.145.235.18
367,Binny,Kelner,bkelnera6@sohu.com,Female,179.45.151.111
368,Westbrook,McAmish,wmcamisha7@sina.com.cn,Male,143.103.132.113
369,Dennet,Danjoie,ddanjoiea8@shop-pro.jp,Female,238.68.4.103
370,Ardys,Coils,acoilsa9@redcross.org,Genderqueer,137.244.181.130
371,Heidi,Water,hwateraa@webmd.com,Male,186.171.123.151
372,Tova,Frift,tfriftab@mac.com,Male,51.78.64.106
373,Richmound,Neubigin,rneubiginac@behance.net,Male,214.217.131.28
374,Darcie,Pattenden,dpattendenad@boston.com,Female,94.118.142.20
375,Jerald,Harborow,jharborowae@google.co.jp,Female,172.56.169.12
376,Violante,Gillatt,vgillattaf@huffingtonpost.com,Genderfluid,166.249.44.126
377,Jayne,Knellen,jknellenag@youtu.be,Male,215.147.76.81
378,Artair,Veitch,aveitchah@fotki.com,Female,105.135.131.186
379,Clary,Matushenko,cmatushenkoai@theguardian.com,Male,236.136.210.45
380,Kele,Ivy,kivyaj@naver.com,Male,54.84.223.56
381,Mari,Krammer,mkrammerak@wufoo.com,Genderfluid,180.118.212.56
382,Neile,Squirrel,nsquirrelal@foxnews.com,Male,4.143.139.20
383,Lovell,Whiteley,lwhiteleyam@china.com.cn,Polygender,177.46.125.196
384,Allina,Sharple,asharplean@geocities.com,Male,52.239.126.135
385,Ceil,McVey,cmcveyao@google.com.hk,Female,13.116.202.66
386,Chevy,Clute,ccluteap@vk.com,Female,111.162.133.11
387,Star,Lagden,slagdenaq@aboutads.info,Male,51.64.20.27
388,Ethelin,Hellwich,ehellwichar@naver.com,Female,181.1.119.222
389,Krystyna,Jarley,kjarleyas@fastcompany.com,Male,99.142.90.233
390,Katherine,Kellog,kkellogat@desdev.cn,Agender,125.133.90.226
391,Agnella,Segebrecht,asegebrechtau@bandcamp.com,Female,225.42.148.24
392,Gabe,Stut,gstutav@issuu.com,Female,39.142.66.152
393,Mohandis,Proske,mproskeaw@wikia.com,Male,103.94.85.218
394,Cullan,Lutty,cluttyax@symantec.com,Male,180.162.108.1
395,Alysa,Courtier,acourtieray@ask.com,Male,181.124.158.29
396,Daniel,Winsborrow,dwinsborrowaz@rambler.ru,Female,155.253.51.242
397,Homerus,Bris,hbrisb0@lulu.com,Female,57.10.11.16
398,Camila,McIlharga,cmcilhargab1@xinhuanet.com,Female,28.168.111.30
399,Sally,Bewshaw,sbewshawb2@delicious.com,Male,255.63.246.94
400,Christa,Deveraux,cdeverauxb3@cnn.com,Male,225.253.248.6
401,Isidora,McKeurtan,imckeurtanb4@seattletimes.com,Male,220.160.120.214
402,Jessika,Misk,jmiskb5@chronoengine.com,Female,213.49.200.139
403,Cort,Sammut,csammutb6@feedburner.com,Male,213.200.195.38
404,Trev,Robilart,trobilartb7@domainmarket.com,Female,207.111.122.15
405,Davida,Sinnocke,dsinnockeb8@guardian.co.uk,Female,59.78.154.215
406,Kipp,Klyn,kklynb9@livejournal.com,Male,151.198.164.130
407,Ramona,Metheringham,rmetheringhamba@shinystat.com,Male,199.107.64.241
408,Corey,Gowland,cgowlandbb@stumbleupon.com,Female,120.255.221.201
409,Valry,Capini,vcapinibc@cdbaby.com,Female,236.62.108.96
410,Gordan,Langeren,glangerenbd@netvibes.com,Male,149.169.118.59
411,Pepillo,Baline,pbalinebe@ucoz.com,Male,87.143.250.3
412,Noami,Hanretty,nhanrettybf@psu.edu,Female,27.140.100.208
413,Abbey,Piatek,apiatekbg@engadget.com,Male,133.172.28.163
414,Krissy,Popplestone,kpopplestonebh@odnoklassniki.ru,Male,113.75.53.118
415,Cal,McBrady,cmcbradybi@wikimedia.org,Female,254.205.15.172
416,Kaitlynn,Sadgrove,ksadgrovebj@rambler.ru,Female,127.7.85.3
417,Clark,Nerval,cnervalbk@themeforest.net,Agender,106.202.237.85
418,Betteanne,Nisard,bnisardbl@diigo.com,Female,163.63.147.164
419,Nance,Minshall,nminshallbm@prnewswire.com,Female,53.191.225.62
420,Brooke,Storrier,bstorrierbn@intel.com,Male,8.9.219.37
421,Elmo,Hambric,ehambricbo@salon.com,Polygender,188.127.85.201
422,Franky,Batterbee,fbatterbeebp@buzzfeed.com,Female,115.127.29.33
423,Augy,Kleinberer,akleinbererbq@usa.gov,Female,150.56.72.185
424,Nils,Stathers,nstathersbr@github.com,Male,140.30.205.29
425,Frieda,Gounin,fgouninbs@salon.com,Bigender,127.255.8.219
426,Valaria,Wetherell,vwetherellbt@ucoz.com,Male,57.50.96.77
427,Julianna,Largen,jlargenbu@istockphoto.com,Male,80.42.126.251
428,Etheline,Dimblebee,edimblebeebv@alexa.com,Female,101.237.67.188
429,Lorna,Farra,lfarrabw@mozilla.org,Female,84.216.180.142
430,Rayshell,Bickmore,rbickmorebx@photobucket.com,Female,222.151.68.225
431,Kriste,Dossettor,kdossettorby@newyorker.com,Male,60.191.124.92
432,Roslyn,Dripps,rdrippsbz@vimeo.com,Female,173.112.244.221
433,Myrvyn,Joslin,mjoslinc0@irs.gov,Female,111.112.93.27
434,Georgetta,Livens,glivensc1@technorati.com,Female,231.218.48.130
435,Angel,Weddeburn - Scrimgeour,aweddeburnscrimgeourc2@google.co.uk,Male,63.28.66.96
436,Fiona,Wiggall,fwiggallc3@wordpress.org,Female,49.12.250.236
437,Rip,Dudman,rdudmanc4@arstechnica.com,Agender,53.240.160.187
438,Rafferty,Skellern,rskellernc5@accuweather.com,Male,187.122.220.90
439,Correy,Doohey,cdooheyc6@house.gov,Female,251.81.18.188
440,Weston,Bicksteth,wbickstethc7@sciencedirect.com,Female,105.136.140.93
441,Humphrey,Mathwin,hmathwinc8@google.com.br,Female,138.118.196.84
442,Joana,Brackenridge,jbrackenridgec9@uiuc.edu,Male,148.171.34.172
443,Glory,Vobes,gvobesca@jalbum.net,Female,231.50.9.168
444,Susanne,Szachniewicz,sszachniewiczcb@netvibes.com,Female,203.1.203.173
445,Alden,Grishelyov,agrishelyovcc@tinyurl.com,Male,213.236.164.56
446,Rose,Reeson,rreesoncd@symantec.com,Male,71.165.15.169
447,Shelly,Torns,stornsce@utexas.edu,Female,54.240.141.71
448,Maurene,Thorington,mthoringtoncf@comsenz.com,Female,147.47.140.98
449,Lenka,Boat,lboatcg@trellian.com,Female,88.65.246.49
450,Marjy,Ruffler,mrufflerch@ask.com,Female,169.111.67.116
451,Roxanna,Gabel,rgabelci@deviantart.com,Male,203.63.222.98
452,Lexy,Roggieri,lroggiericj@1688.com,Male,231.26.107.224
453,Lisbeth,Nann,lnannck@woothemes.com,Male,196.121.50.101
454,Cyrille,Peteri,cpetericl@google.co.uk,Female,186.23.207.126
455,Tobe,Kristoffersson,tkristofferssoncm@taobao.com,Male,153.42.47.26
456,Annemarie,Grinval,agrinvalcn@deviantart.com,Male,9.58.85.239
457,Karlyn,Kirkwood,kkirkwoodco@xinhuanet.com,Male,86.71.125.31
458,Shelagh,Hawick,shawickcp@ted.com,Female,178.67.100.87
459,Lyman,Willbond,lwillbondcq@multiply.com,Female,86.42.45.43
460,Cazzie,Beccera,cbecceracr@webnode.com,Male,105.184.99.178
461,Ina,Flohard,iflohardcs@uol.com.br,Female,165.185.251.219
462,Chloe,Rohfsen,crohfsenct@pinterest.com,Female,70.207.67.229
463,Grace,Andriessen,gandriessencu@imdb.com,Male,166.40.216.44
464,Piper,Trueman,ptruemancv@stumbleupon.com,Female,42.133.197.115
465,Hillary,Giovannacci,hgiovannaccicw@youku.com,Male,139.199.123.135
466,Barbie,Tebbs,btebbscx@examiner.com,Female,11.94.183.66
467,Baillie,VanBrugh,bvanbrughcy@blogtalkradio.com,Female,139.112.111.46
468,Arron,McLucas,amclucascz@marketwatch.com,Male,91.152.201.184
469,Starlene,Davidde,sdavidded0@nature.com,Male,102.241.98.95
470,Chickie,Wills,cwillsd1@behance.net,Male,211.209.179.98
471,Kendricks,Brosoli,kbrosolid2@engadget.com,Female,203.203.199.212
472,Chiarra,Stother,cstotherd3@ifeng.com,Female,140.226.198.107
473,Mile,Giacomuzzi,mgiacomuzzid4@sourceforge.net,Bigender,93.110.12.145
474,Carolyne,Leethem,cleethemd5@umich.edu,Female,230.210.103.244
475,Iver,Ruggieri,iruggierid6@google.ca,Male,114.162.160.169
476,Pearla,Ceschini,pceschinid7@chronoengine.com,Male,107.189.43.0
477,Kissiah,Menier,kmenierd8@shop-pro.jp,Female,44.179.174.21
478,Lorilyn,Blowes,lblowesd9@jugem.jp,Female,57.151.107.177
479,Edita,Glassman,eglassmanda@webnode.com,Male,151.126.185.61
480,Scotti,Wildman,swildmandb@google.es,Female,151.246.190.128
481,Belicia,Bocken,bbockendc@fc2.com,Female,98.92.31.200
482,Alfonso,Congreave,acongreavedd@youtu.be,Female,93.15.14.65
483,Tann,Seakes,tseakesde@tinypic.com,Male,93.237.197.75
484,Estel,Barbrick,ebarbrickdf@mlb.com,Male,81.26.110.223
485,Clarine,Piscotti,cpiscottidg@bravesites.com,Female,168.26.58.126
486,Birdie,Cawdell,bcawdelldh@virginia.edu,Female,169.58.38.29
487,Carmine,Tieraney,ctieraneydi@amazon.co.jp,Female,224.142.187.59
488,Tamiko,Housegoe,thousegoedj@cmu.edu,Genderfluid,13.148.73.207
489,Patrick,Readshaw,preadshawdk@quantcast.com,Bigender,218.101.13.141
490,Martita,Wasselin,mwasselindl@oaic.gov.au,Female,161.194.192.168
491,Graig,Vanes,gvanesdm@purevolume.com,Male,166.59.230.222
492,Kristal,Foresight,kforesightdn@dmoz.org,Bigender,28.44.179.228
493,Rees,Mayling,rmaylingdo@unesco.org,Bigender,129.130.181.158
494,Bridgette,Hanford,bhanforddp@cdbaby.com,Female,61.173.76.240
495,Jordanna,Asker,jaskerdq@comcast.net,Male,195.98.75.169
496,Johnathon,Risso,jrissodr@ocn.ne.jp,Female,44.180.114.230
497,Trever,Curado,tcuradods@wordpress.com,Female,103.152.85.229
498,Mady,Cowup,mcowupdt@cafepress.com,Female,67.37.200.162
499,Solomon,Storr,sstorrdu@comsenz.com,Male,107.45.7.14
500,Cesya,Oki,cokidv@dailymail.co.uk,Male,10.108.31.176
501,Auroora,Abramovicz,aabramoviczdw@goodreads.com,Male,59.96.6.171
502,Edgardo,Semken,esemkendx@cisco.com,Male,140.231.124.119
503,Lana,Malecky,lmaleckydy@gravatar.com,Male,107.142.132.190
504,Welsh,Priver,wpriverdz@imdb.com,Female,62.71.54.59
505,Giustina,Maffulli,gmaffullie0@accuweather.com,Female,113.43.114.208
506,Elva,Pilmer,epilmere1@springer.com,Male,137.119.11.82
507,Edee,McParland,emcparlande2@bizjournals.com,Male,174.235.210.3
508,Mirella,Ferris,mferrise3@google.co.jp,Male,4.27.238.255
509,Edd,Spurnier,espurniere4@bigcartel.com,Female,34.200.234.124
510,Natalina,Garrish,ngarrishe5@cdbaby.com,Male,23.82.196.27
511,Jasun,Eves,jevese6@arstechnica.com,Female,107.93.7.63
512,Heath,Brewood,hbrewoode7@flickr.com,Male,181.233.221.117
513,Wallie,Costard,wcostarde8@symantec.com,Non-binary,140.89.234.71
514,Shannen,Capel,scapele9@merriam-webster.com,Male,200.181.182.31
515,Dionne,Verny,dvernyea@gnu.org,Bigender,104.145.221.177
516,Kaitlyn,Pierpoint,kpierpointeb@loc.gov,Female,17.215.0.173
517,Octavia,Ebi,oebiec@livejournal.com,Female,2.144.197.29
518,Ulberto,Lorincz,ulorinczed@ow.ly,Male,13.152.233.129
519,Merrie,Rawls,mrawlsee@issuu.com,Male,170.104.68.156
520,Avigdor,Marple,amarpleef@networksolutions.com,Male,47.154.4.242
521,Wynny,Chiene,wchieneeg@cnn.com,Female,179.182.179.149
522,Eveleen,Oguz,eoguzeh@admin.ch,Female,166.104.92.153
523,Legra,Sellwood,lsellwoodei@wunderground.com,Male,176.77.233.230
524,Janot,Gasson,jgassonej@businesswire.com,Female,140.55.254.65
525,Roddy,Pealing,rpealingek@hatena.ne.jp,Female,26.171.47.20
526,Kally,Nutbeam,knutbeamel@mapquest.com,Female,22.216.193.50
527,Corrie,Petrolli,cpetrolliem@whitehouse.gov,Male,199.151.118.151
528,Christabella,Theobald,ctheobalden@quantcast.com,Bigender,60.43.241.54
529,Daphna,Waddell,dwaddelleo@soup.io,Female,55.11.121.160
530,Arly,Lowes,alowesep@friendfeed.com,Female,125.154.33.247
531,Maryjo,Gallandre,mgallandreeq@odnoklassniki.ru,Male,192.25.47.126
532,Chariot,Andraud,candrauder@joomla.org,Female,190.218.53.243
533,Harrietta,Caze,hcazees@shutterfly.com,Bigender,189.164.30.221
534,Chantal,Corah,ccorahet@elpais.com,Female,59.66.56.224
535,Loree,Fleury,lfleuryeu@dailymotion.com,Male,216.178.199.113
536,Rosmunda,Cheak,rcheakev@live.com,Male,96.172.142.222
537,Chloe,Castelin,ccastelinew@hostgator.com,Female,39.115.119.109
538,Gert,Allaker,gallakerex@reverbnation.com,Female,252.239.189.28
539,Ingrid,Scaife,iscaifeey@yale.edu,Polygender,88.203.108.151
540,Baxter,Ganing,bganingez@vkontakte.ru,Female,53.55.17.143
541,Kaiser,Grimsdike,kgrimsdikef0@baidu.com,Male,180.67.183.229
542,Mile,Anfrey,manfreyf1@cdbaby.com,Female,237.43.120.250
543,Sven,Tranckle,strancklef2@wufoo.com,Female,13.19.127.100
544,Trixie,Faulo,tfaulof3@independent.co.uk,Agender,174.189.145.135
545,Kory,Veljes,kveljesf4@about.com,Female,72.31.250.196
546,Vonny,Riep,vriepf5@salon.com,Male,191.155.22.57
547,Carce,Leaney,cleaneyf6@blogger.com,Female,237.88.141.3
548,Magnum,Grime,mgrimef7@tripadvisor.com,Female,92.48.20.117
549,Darrel,Hedau,dhedauf8@cisco.com,Male,144.190.180.133
550,Rhodie,Moulin,rmoulinf9@meetup.com,Female,79.102.178.60
551,Anastasia,Sellick,asellickfa@surveymonkey.com,Bigender,192.240.29.195
552,Nessy,Di Biaggi,ndibiaggifb@washingtonpost.com,Male,156.221.173.162
553,Judy,Pauel,jpauelfc@hibu.com,Male,180.113.233.167
554,Gerrard,Toffts,gtofftsfd@bing.com,Female,9.222.249.34
555,Cathe,Tinton,ctintonfe@livejournal.com,Male,176.85.169.171
556,Hayes,Battill,hbattillff@cnbc.com,Female,124.89.126.204
557,Spense,Kloisner,skloisnerfg@pcworld.com,Male,164.63.116.167
558,Yanaton,Wieprecht,ywieprechtfh@wordpress.org,Male,174.141.51.23
559,Paolina,O'Hartnedy,pohartnedyfi@rakuten.co.jp,Female,118.110.209.251
560,Margy,Stonhouse,mstonhousefj@cornell.edu,Female,71.132.107.131
561,Clare,Hambers,chambersfk@ed.gov,Male,195.229.71.211
562,Valeria,Caudwell,vcaudwellfl@creativecommons.org,Female,139.4.34.111
563,Eldin,Balaisot,ebalaisotfm@google.pl,Male,108.253.94.19
564,Nedda,Stichall,nstichallfn@wisc.edu,Male,51.163.181.24
565,Daniele,Lendon,dlendonfo@cnet.com,Male,139.22.149.26
566,Mallorie,Dorcey,mdorceyfp@de.vu,Female,57.166.205.74
567,Lorry,Brasse,lbrassefq@miitbeian.gov.cn,Male,74.204.170.47
568,Roda,Pierrepont,rpierrepontfr@people.com.cn,Male,78.92.80.255
569,Opal,Harken,oharkenfs@slideshare.net,Female,230.11.166.41
570,Ulysses,Gerlts,ugerltsft@usnews.com,Genderfluid,93.134.143.51
571,Kinna,Worham,kworhamfu@imageshack.us,Female,216.169.18.18
572,Graham,Godfray,ggodfrayfv@dailymail.co.uk,Male,57.7.215.182
573,Rhea,Seakes,rseakesfw@virginia.edu,Female,251.180.11.47
574,Meridith,Easby,measbyfx@tiny.cc,Female,21.147.129.217
575,Dunc,Kear,dkearfy@usa.gov,Female,54.32.40.197
576,Stephanie,Kiehl,skiehlfz@sfgate.com,Female,144.252.93.133
577,Emilee,Waltho,ewalthog0@acquirethisname.com,Genderfluid,48.110.11.40
578,Edythe,Weinham,eweinhamg1@arizona.edu,Female,49.4.172.26
579,Calley,Bowdery,cbowderyg2@apple.com,Female,11.178.161.67
580,Louis,Joisce,ljoisceg3@g.co,Male,173.187.134.176
581,Elbertine,Heinrici,eheinricig4@posterous.com,Genderqueer,184.189.174.222
582,Gibby,Maffeo,gmaffeog5@github.com,Male,191.53.39.51
583,Aleta,Yashanov,ayashanovg6@ucoz.com,Male,4.211.40.232
584,Samaria,Giovannazzi,sgiovannazzig7@cbslocal.com,Male,102.180.158.203
585,Stewart,Hindmore,shindmoreg8@phpbb.com,Female,249.15.89.38
586,Garrik,Witts,gwittsg9@instagram.com,Male,204.75.217.61
587,Dianna,Staniford,dstanifordga@go.com,Female,255.25.41.57
588,Darcy,Pates,dpatesgb@mtv.com,Male,184.159.167.78
589,Rorke,Blackbrough,rblackbroughgc@google.com.hk,Male,193.98.6.79
590,Jared,Jovovic,jjovovicgd@ucla.edu,Male,73.162.15.226
591,Elton,Hanscomb,ehanscombge@arstechnica.com,Male,125.236.64.86
592,Mischa,Gedney,mgedneygf@hp.com,Male,54.176.216.109
593,Murray,Seally,mseallygg@tripod.com,Female,177.94.198.106
594,Domenico,Kohen,dkohengh@twitter.com,Male,177.105.61.242
595,Laural,Guilloud,lguilloudgi@fema.gov,Female,39.86.170.67
596,Dannie,Lieb,dliebgj@homestead.com,Female,222.236.178.17
597,Abey,Lening,aleninggk@gnu.org,Male,126.203.162.140
598,Gabe,Fearneley,gfearneleygl@parallels.com,Male,245.148.204.65
599,Rachelle,Ussher,russhergm@scribd.com,Female,147.146.37.176
600,Roger,Rizzelli,rrizzellign@nature.com,Female,21.220.160.5
601,Kile,Itzakovitz,kitzakovitzgo@a8.net,Male,34.16.87.181
602,Anatol,Zanetello,azanetellogp@goodreads.com,Female,248.221.0.107
603,Tristam,Flecknoe,tflecknoegq@latimes.com,Female,100.208.45.41
604,Ardra,O'Donoghue,aodonoghuegr@biglobe.ne.jp,Polygender,65.187.163.144
605,Phyllis,Danahar,pdanahargs@columbia.edu,Female,234.66.56.212
606,Hilda,Oglevie,hogleviegt@imgur.com,Male,251.41.238.152
607,Josephine,Micheau,jmicheaugu@comsenz.com,Male,74.8.202.21
608,Elyssa,Eilhertsen,eeilhertsengv@icq.com,Male,15.137.106.127
609,Sidoney,Brownsill,sbrownsillgw@stanford.edu,Female,155.225.97.241
610,Bevin,Soane,bsoanegx@state.gov,Male,62.113.103.142
611,Esdras,Farrin,efarringy@statcounter.com,Female,188.54.224.73
612,Filberto,Bowers,fbowersgz@nbcnews.com,Female,118.233.77.149
613,Roberto,Surmeir,rsurmeirh0@google.fr,Male,18.225.226.243
614,Valera,Pigram,vpigramh1@usatoday.com,Genderfluid,94.146.162.32
615,Franny,Hulke,fhulkeh2@globo.com,Male,213.70.3.242
616,Abdel,Whewill,awhewillh3@weibo.com,Female,7.130.66.117
617,Eb,Pettengell,epettengellh4@netlog.com,Male,203.193.166.10
618,Gerri,Hunnywell,ghunnywellh5@princeton.edu,Male,201.48.125.181
619,Link,Melsome,lmelsomeh6@163.com,Genderfluid,134.12.1.162
620,Dee dee,Puttnam,dputtnamh7@mapy.cz,Male,157.195.187.192
621,Viv,Lowson,vlowsonh8@telegraph.co.uk,Male,254.148.244.142
622,Val,Gallo,vgalloh9@vinaora.com,Male,79.60.17.70
623,Gill,MacBrearty,gmacbreartyha@topsy.com,Male,63.20.157.187
624,Adiana,Folley,afolleyhb@tuttocitta.it,Female,125.158.8.168
625,Rita,Ledbury,rledburyhc@plala.or.jp,Female,201.94.104.147
626,Britte,Earles,bearleshd@vinaora.com,Male,131.183.129.76
627,Colline,Haquin,chaquinhe@msn.com,Female,112.205.255.165
628,Tess,Prosek,tprosekhf@livejournal.com,Female,234.199.100.50
629,Clemente,Lamey,clameyhg@sun.com,Female,81.50.236.91
630,Evelyn,Weerdenburg,eweerdenburghh@vkontakte.ru,Female,193.95.154.7
631,Sax,Mewes,smeweshi@studiopress.com,Male,108.44.181.75
632,Bernie,Rossey,brosseyhj@fotki.com,Male,194.86.63.34
633,Ambros,Perche,aperchehk@umn.edu,Male,95.208.230.192
634,Susanna,Close,sclosehl@smugmug.com,Male,250.22.86.210
635,Axel,Spruce,asprucehm@sciencedirect.com,Male,122.143.248.31
636,Skipper,Dragonette,sdragonettehn@amazon.co.uk,Male,142.44.138.20
637,Todd,Dummigan,tdummiganho@wisc.edu,Female,176.229.20.207
638,Dave,Eccleshall,deccleshallhp@google.nl,Female,182.57.97.233
639,Celene,Sterre,csterrehq@hc360.com,Female,20.68.37.107
640,Reube,Spry,rspryhr@ebay.co.uk,Male,78.223.138.202
641,Tawnya,Henriquet,thenriqueths@phoca.cz,Polygender,7.103.54.91
642,Constantino,Kidman,ckidmanht@opensource.org,Male,119.200.84.177
643,Latashia,Creebo,lcreebohu@odnoklassniki.ru,Female,22.22.149.194
644,Lambert,Ellerbeck,lellerbeckhv@walmart.com,Male,0.181.66.246
645,Tawnya,Pipes,tpipeshw@51.la,Female,255.233.122.64
646,Jecho,Job,jjobhx@walmart.com,Female,199.191.35.115
647,Kayla,Huckerbe,khuckerbehy@qq.com,Female,115.210.145.231
648,Florance,Kewish,fkewishhz@upenn.edu,Male,55.81.234.9
649,Eustacia,Gautrey,egautreyi0@edublogs.org,Male,180.102.193.25
650,Rowan,Jelf,rjelfi1@hubpages.com,Bigender,56.211.109.83
651,Bar,Mattke,bmattkei2@myspace.com,Male,45.253.220.57
652,Silvana,Chesnay,schesnayi3@parallels.com,Male,164.4.241.241
653,Bernette,Oleksinski,boleksinskii4@netscape.com,Male,40.149.45.157
654,Evangelia,Menzies,emenziesi5@intel.com,Non-binary,14.150.8.205
655,Jessalyn,Cutmore,jcutmorei6@flickr.com,Female,47.168.186.89
656,Glen,Pirrie,gpirriei7@php.net,Female,122.10.124.47
657,Patricio,Lewer,pleweri8@arizona.edu,Female,42.165.91.121
658,Pepe,Gerriet,pgerrieti9@netlog.com,Male,238.69.156.187
659,Joana,Harnett,jharnettia@cloudflare.com,Female,58.19.12.226
660,Jeanne,Burk,jburkib@sbwire.com,Male,248.19.112.228
661,Griffy,Touson,gtousonic@lycos.com,Male,90.142.105.145
662,Carroll,Larciere,clarciereid@yelp.com,Male,11.172.49.132
663,Jessamine,Garz,jgarzie@soundcloud.com,Female,218.245.8.109
664,Ewart,Flaverty,eflavertyif@mayoclinic.com,Male,182.117.50.25
665,Welch,Bubear,wbubearig@cargocollective.com,Male,1.108.1.115
666,Arlie,Deporte,adeporteih@slashdot.org,Female,102.195.160.37
667,Seymour,Rait,sraitii@deviantart.com,Female,210.44.114.150
668,Herve,Primett,hprimettij@themeforest.net,Female,85.15.254.110
669,Karney,Heel,kheelik@virginia.edu,Female,12.76.163.170
670,Talbot,Lente,tlenteil@slideshare.net,Female,175.79.136.246
671,Katusha,Leftly,kleftlyim@slashdot.org,Female,91.225.1.58
672,Marge,Mechi,mmechiin@t-online.de,Female,51.214.8.209
673,Alysia,Defrain,adefrainio@mail.ru,Female,169.108.118.238
674,Moe,Tease,mteaseip@ted.com,Male,32.230.130.24
675,Kahaleel,Zealey,kzealeyiq@etsy.com,Female,132.90.77.68
676,Nick,Smalman,nsmalmanir@elegantthemes.com,Female,206.47.183.99
677,Karine,Allenson,kallensonis@army.mil,Male,7.177.87.152
678,Adriano,Nichol,anicholit@zdnet.com,Male,92.130.86.99
679,Caz,Shaves,cshavesiu@prweb.com,Female,218.121.149.142
680,Deane,Blacksell,dblackselliv@scientificamerican.com,Female,174.119.248.42
681,Nil,Weildish,nweildishiw@mtv.com,Male,86.106.220.129
682,Magdaia,Togher,mtogherix@time.com,Male,92.180.118.76
683,Kahaleel,Spaduzza,kspaduzzaiy@vinaora.com,Male,254.196.170.197
684,Giffy,Kulas,gkulasiz@stanford.edu,Male,236.160.223.26
685,Cirstoforo,Gallico,cgallicoj0@google.com.hk,Bigender,58.226.235.231
686,Ramonda,Pollie,rpolliej1@wikia.com,Female,27.112.127.248
687,Allard,Regis,aregisj2@boston.com,Female,212.126.23.234
688,Annabella,Van Ross,avanrossj3@adobe.com,Genderqueer,188.81.129.134
689,Amerigo,Goodlad,agoodladj4@list-manage.com,Female,3.77.97.108
690,Georgette,Gregorace,ggregoracej5@photobucket.com,Non-binary,242.244.206.124
691,Lou,Flight,lflightj6@epa.gov,Male,76.150.175.23
692,Tiphani,Sander,tsanderj7@psu.edu,Female,242.208.143.90
693,Ulberto,Brevitt,ubrevittj8@google.co.jp,Female,70.36.94.98
694,Angil,Birtwhistle,abirtwhistlej9@scientificamerican.com,Male,90.146.228.45
695,Gherardo,Imorts,gimortsja@noaa.gov,Female,162.203.226.181
696,Sig,Leyband,sleybandjb@illinois.edu,Female,59.118.44.197
697,Lorie,Bowshire,lbowshirejc@naver.com,Male,192.23.98.163
698,Sarena,Merrydew,smerrydewjd@list-manage.com,Female,135.208.39.235
699,Amerigo,Bulluck,abulluckje@mapy.cz,Female,183.237.118.145
700,Corine,Briars,cbriarsjf@g.co,Male,27.91.181.2
701,Keri,Thomazin,kthomazinjg@nytimes.com,Male,107.76.83.61
702,Zea,Clendennen,zclendennenjh@studiopress.com,Male,250.101.205.82
703,Giorgio,Minchin,gminchinji@yolasite.com,Male,220.212.68.137
704,Arch,Ninnotti,aninnottijj@hexun.com,Female,161.128.124.149
705,Giles,Barringer,gbarringerjk@opensource.org,Male,154.171.35.99
706,Annabell,Zamorano,azamoranojl@pbs.org,Female,95.25.253.130
707,Eliza,Smoughton,esmoughtonjm@princeton.edu,Bigender,23.202.121.37
708,Ephrayim,Couser,ecouserjn@liveinternet.ru,Female,129.38.2.56
709,Caprice,Valentetti,cvalentettijo@sphinn.com,Female,250.77.65.129
710,Benetta,Bollum,bbollumjp@europa.eu,Non-binary,189.93.197.248
711,Sidonia,Herrieven,sherrievenjq@ucoz.com,Female,71.66.68.2
712,Jordan,Longhi,jlonghijr@cargocollective.com,Female,137.39.178.233
713,Dante,Rodrigues,drodriguesjs@usa.gov,Male,235.253.134.105
714,Addie,Hanmore,ahanmorejt@hc360.com,Male,169.209.3.193
715,Westley,Caddock,wcaddockju@epa.gov,Female,215.218.141.73
716,Mirilla,Drysdell,mdrysdelljv@google.de,Male,78.249.100.213
717,Vittorio,Punton,vpuntonjw@hp.com,Male,115.245.87.156
718,Aaren,Beeres,abeeresjx@simplemachines.org,Female,219.94.194.20
719,Cristina,Pavy,cpavyjy@altervista.org,Male,243.236.60.172
720,Haily,Glencorse,hglencorsejz@about.me,Female,187.119.235.91
721,Lynda,Krauze,lkrauzek0@accuweather.com,Female,192.132.45.111
722,Ernaline,Penny,epennyk1@ezinearticles.com,Male,235.143.135.112
723,Brittan,Chitson,bchitsonk2@vkontakte.ru,Male,15.11.84.205
724,Knox,Pullinger,kpullingerk3@harvard.edu,Male,59.106.241.180
725,Alessandro,Cano,acanok4@youku.com,Female,180.105.110.146
726,Davita,Downes,ddownesk5@cocolog-nifty.com,Male,41.203.83.157
727,Etheline,Stolle,estollek6@topsy.com,Male,199.41.15.171
728,Brynn,Barstowk,bbarstowkk7@ezinearticles.com,Female,143.10.248.253
729,Rockie,Wesgate,rwesgatek8@cocolog-nifty.com,Male,161.99.118.192
730,Elmira,Smalecombe,esmalecombek9@scientificamerican.com,Male,231.253.9.163
731,Vikki,Sheffield,vsheffieldka@wikia.com,Male,159.205.128.61
732,Seka,Hambleton,shambletonkb@delicious.com,Male,105.53.80.41
733,Amby,Kelwick,akelwickkc@goo.ne.jp,Female,231.173.196.100
734,Yul,Giveen,ygiveenkd@phoca.cz,Male,53.221.43.190
735,Eolande,Snary,esnaryke@cnbc.com,Male,113.69.218.65
736,Hall,Ceci,hcecikf@sina.com.cn,Male,242.126.52.233
737,Bowie,Westman,bwestmankg@buzzfeed.com,Male,92.51.32.200
738,Dawn,MacAdam,dmacadamkh@about.com,Male,56.203.251.17
739,Ilysa,Cowerd,icowerdki@hibu.com,Genderfluid,221.237.61.159
740,Chrissy,Braham,cbrahamkj@elegantthemes.com,Male,166.59.190.45
741,Yvor,Thewles,ythewleskk@a8.net,Male,207.4.182.131
742,Dora,St. Hill,dsthillkl@samsung.com,Male,83.45.28.83
743,Garey,Egle,geglekm@i2i.jp,Female,248.153.197.149
744,Melvin,Chorley,mchorleykn@github.com,Male,1.222.171.140
745,Ula,Gobell,ugobellko@aboutads.info,Female,232.21.93.207
746,Tatum,Yukhnov,tyukhnovkp@mtv.com,Female,160.11.239.123
747,Cassandry,Fewell,cfewellkq@networkadvertising.org,Female,23.130.212.165
748,Lowrance,Celes,lceleskr@forbes.com,Female,23.21.153.214
749,Chryste,Kitteman,ckittemanks@trellian.com,Male,174.155.104.44
750,Odelia,Borrie,oborriekt@cloudflare.com,Male,12.14.17.196
751,Toiboid,Scattergood,tscattergoodku@tripod.com,Female,170.47.48.138
752,Marylynne,Aldwinckle,maldwincklekv@army.mil,Male,117.237.97.78
753,Johny,Rains,jrainskw@marketwatch.com,Female,196.228.12.12
754,Javier,De Bellis,jdebelliskx@mediafire.com,Male,102.83.183.76
755,Paten,Ygou,pygouky@ameblo.jp,Male,241.244.229.110
756,Pincas,Posnett,pposnettkz@wunderground.com,Male,164.19.3.30
757,Valentin,Borres,vborresl0@cbc.ca,Female,180.2.113.8
758,Edin,Bushell,ebushelll1@cbsnews.com,Female,30.24.222.175
759,Arlene,Spores,asporesl2@bloglines.com,Female,242.27.82.199
760,Mychal,Vowells,mvowellsl3@google.ca,Female,122.190.187.41
761,Candie,Greenway,cgreenwayl4@soup.io,Male,172.225.85.249
762,Grete,Glazebrook,gglazebrookl5@facebook.com,Female,155.136.100.164
763,Chilton,Stiggles,cstigglesl6@discuz.net,Male,90.181.81.61
764,Helenelizabeth,Konert,hkonertl7@google.cn,Male,53.205.22.84
765,Blanche,Dingsdale,bdingsdalel8@ted.com,Female,94.102.243.209
766,Stephana,Flaunders,sflaundersl9@discovery.com,Female,140.76.233.108
767,Dodie,Alberti,dalbertila@networksolutions.com,Female,162.149.226.119
768,Merwyn,O' Dornan,modornanlb@weebly.com,Female,254.23.174.239
769,Barn,Wibrow,bwibrowlc@narod.ru,Male,142.101.131.119
770,Lindsay,Douberday,ldouberdayld@miitbeian.gov.cn,Male,165.18.252.127
771,Annamarie,Brearton,abreartonle@lulu.com,Female,138.250.222.182
772,Archibald,Pilsworth,apilsworthlf@alexa.com,Female,87.227.48.1
773,Carma,Tyreman,ctyremanlg@t.co,Female,16.220.121.6
774,Andonis,Chittleburgh,achittleburghlh@360.cn,Female,10.186.176.179
775,Alyse,Blodgetts,ablodgettsli@yahoo.co.jp,Female,180.159.254.188
776,Adamo,Hayen,ahayenlj@vimeo.com,Male,235.148.95.165
777,Zachariah,Hammelberg,zhammelberglk@webs.com,Female,110.180.181.124
778,Benedikta,Dossantos,bdossantosll@dedecms.com,Male,25.48.100.215
779,Minnie,Applebee,mapplebeelm@cpanel.net,Female,112.161.13.182
780,Tory,Elsmore,telsmoreln@bbb.org,Male,90.101.227.219
781,Fawnia,Terbrugge,fterbruggelo@discovery.com,Male,84.164.45.197
782,Darline,Woolstenholmes,dwoolstenholmeslp@amazon.co.jp,Male,141.163.185.134
783,Cleopatra,Caveney,ccaveneylq@g.co,Female,81.229.63.232
784,Cecil,McQuorkell,cmcquorkelllr@indiatimes.com,Genderqueer,204.65.204.146
785,Perceval,Dudding,pduddingls@oaic.gov.au,Male,42.196.250.201
786,Erica,Bredbury,ebredburylt@guardian.co.uk,Female,2.242.121.91
787,Consalve,Kenzie,ckenzielu@ibm.com,Female,115.133.211.173
788,Ibbie,Sabathe,isabathelv@omniture.com,Female,215.98.116.90
789,Saunder,Wolstencroft,swolstencroftlw@spotify.com,Female,196.210.237.92
790,Eduard,Bowie,ebowielx@umn.edu,Female,88.197.249.182
791,Trstram,Finlan,tfinlanly@360.cn,Male,186.18.149.165
792,Bibbye,Maase,bmaaselz@time.com,Female,131.202.189.217
793,Ryun,Franzke,rfranzkem0@histats.com,Polygender,82.194.185.187
794,Deena,Klagge,dklaggem1@techcrunch.com,Male,198.179.158.93
795,Zolly,Matuszinski,zmatuszinskim2@godaddy.com,Male,2.165.11.109
796,Antonin,Chaplin,achaplinm3@gov.uk,Agender,249.253.137.248
797,Reggis,Hargrave,rhargravem4@ted.com,Female,187.230.25.52
798,Cordy,Giraudo,cgiraudom5@usda.gov,Male,199.89.15.5
799,Erhart,Escritt,eescrittm6@mapquest.com,Female,152.170.223.180
800,Rodd,Capun,rcapunm7@cbc.ca,Male,218.72.75.100
801,Welby,Lockless,wlocklessm8@cafepress.com,Female,185.37.25.113
802,Hoyt,Southcombe,hsouthcombem9@seesaa.net,Male,209.70.155.138
803,Raviv,Brookes,rbrookesma@wufoo.com,Male,208.145.79.67
804,Jenica,Suddaby,jsuddabymb@globo.com,Female,173.4.101.38
805,Belle,Negro,bnegromc@shinystat.com,Male,114.237.142.190
806,Emmalee,Sheekey,esheekeymd@jalbum.net,Polygender,118.3.165.198
807,Bonni,Murphy,bmurphyme@g.co,Female,10.129.45.163
808,Emmalee,Swynfen,eswynfenmf@sogou.com,Male,48.123.35.41
809,Eran,Peattie,epeattiemg@cyberchimps.com,Female,251.165.255.208
810,Marget,Polak,mpolakmh@si.edu,Male,242.46.194.30
811,Nicolina,Hakeworth,nhakeworthmi@fc2.com,Male,39.107.153.129
812,Melesa,Rosenauer,mrosenauermj@ovh.net,Female,68.113.150.71
813,Nettle,Souza,nsouzamk@facebook.com,Male,171.136.189.224
814,Huey,Stable,hstableml@chicagotribune.com,Male,49.139.52.241
815,Roobbie,MacCahee,rmaccaheemm@pinterest.com,Female,55.123.65.100
816,Fielding,Sitlington,fsitlingtonmn@t.co,Female,197.55.23.172
817,Tamra,Barthelmes,tbarthelmesmo@networkadvertising.org,Male,251.45.79.91
818,Deedee,MacKean,dmackeanmp@zimbio.com,Genderfluid,155.235.134.210
819,Davide,Szabo,dszabomq@illinois.edu,Male,253.87.132.133
820,Amos,Amey,aameymr@netlog.com,Bigender,140.214.132.242
821,Gennie,Bartelli,gbartellims@indiegogo.com,Female,197.115.192.226
822,Vivian,Stoller,vstollermt@ucoz.ru,Male,175.43.203.82
823,Peg,Albutt,palbuttmu@wunderground.com,Female,137.118.108.140
824,Emma,Jacklin,ejacklinmv@zdnet.com,Female,197.11.247.79
825,Annetta,Gradwell,agradwellmw@hostgator.com,Female,56.163.77.51
826,Rubetta,Lettice,rletticemx@businessinsider.com,Male,241.243.184.116
827,Constancia,Matuszkiewicz,cmatuszkiewiczmy@xinhuanet.com,Female,175.253.86.230
828,Waylen,Bartle,wbartlemz@wikia.com,Male,163.131.55.224
829,Wilona,Gunstone,wgunstonen0@blogspot.com,Male,92.225.99.186
830,Janetta,Byart,jbyartn1@answers.com,Female,89.187.234.162
831,Andriette,Sillwood,asillwoodn2@merriam-webster.com,Female,143.208.39.57
832,Stanislas,Abdee,sabdeen3@hexun.com,Female,135.177.187.133
833,Vivia,Blankman,vblankmann4@ovh.net,Male,15.82.158.19
834,Madelle,Frantzeni,mfrantzenin5@livejournal.com,Female,21.72.89.182
835,Charo,MacIntosh,cmacintoshn6@sogou.com,Male,114.158.231.139
836,Ernesto,Emmett,eemmettn7@ucoz.com,Female,5.60.68.82
837,Edmon,Corrao,ecorraon8@about.com,Female,186.1.229.229
838,Katya,Bednall,kbednalln9@answers.com,Female,250.178.72.181
839,Brigitte,Blessed,bblessedna@china.com.cn,Female,188.96.78.73
840,Tommi,Poles,tpolesnb@flavors.me,Male,9.43.166.129
841,Leonerd,Pendry,lpendrync@xinhuanet.com,Female,45.98.35.84
842,Eliot,Kynge,ekyngend@state.gov,Female,39.177.190.93
843,Charlton,Stangoe,cstangoene@princeton.edu,Male,105.119.97.74
844,Leanna,Craigmile,lcraigmilenf@gov.uk,Male,96.242.13.35
845,Bald,Rate,brateng@statcounter.com,Male,36.37.100.77
846,Aldo,Pilbeam,apilbeamnh@hexun.com,Female,66.118.163.6
847,Ardis,Roscoe,aroscoeni@npr.org,Male,235.165.110.119
848,Garold,Featherstone,gfeatherstonenj@mozilla.com,Female,52.203.219.114
849,Edwin,Cayton,ecaytonnk@yelp.com,Male,11.134.171.201
850,Marlie,Ranscombe,mranscombenl@dailymotion.com,Agender,12.188.140.149
851,Steven,Handslip,shandslipnm@nifty.com,Male,128.59.49.182
852,Robby,Ducroe,rducroenn@shop-pro.jp,Female,17.36.3.22
853,Carine,Anster,cansterno@opensource.org,Female,24.69.179.57
854,Johny,Girod,jgirodnp@csmonitor.com,Female,74.184.29.157
855,Colly,Wetton,cwettonnq@gizmodo.com,Female,106.10.5.90
856,Idell,Iacivelli,iiacivellinr@oaic.gov.au,Female,235.229.252.104
857,Mohammed,Aslum,maslumns@sourceforge.net,Male,241.84.31.165
858,Tucker,Pybus,tpybusnt@goo.gl,Male,237.233.11.102
859,Sherlock,Angus,sangusnu@usgs.gov,Female,152.155.169.138
860,Pat,Sulland,psullandnv@zimbio.com,Male,235.83.178.4
861,Bertram,Huckle,bhucklenw@webnode.com,Female,106.127.215.104
862,Camile,Albin,calbinnx@dailymail.co.uk,Female,163.118.152.198
863,Antonietta,Hallock,ahallockny@webs.com,Male,146.72.132.166
864,Mel,Rix,mrixnz@icio.us,Male,168.25.29.28
865,Jule,Dusting,jdustingo0@spotify.com,Female,1.45.47.72
866,Shauna,Pybus,spybuso1@cbc.ca,Female,106.34.162.134
867,Pavla,Speak,pspeako2@furl.net,Female,119.154.96.169
868,Maybelle,Banyard,mbanyardo3@paypal.com,Male,137.38.70.198
869,Reggis,Sarney,rsarneyo4@taobao.com,Male,108.179.13.74
870,Ruby,Lambshine,rlambshineo5@apple.com,Female,197.86.197.205
871,Dalt,Malkin,dmalkino6@gnu.org,Female,207.185.46.13
872,Charmain,Enoch,cenocho7@netscape.com,Male,247.7.208.120
873,Karry,Yerrington,kyerringtono8@i2i.jp,Female,9.140.168.138
874,Killian,Gives,kgiveso9@rediff.com,Male,113.211.196.87
875,Archaimbaud,Manilove,amaniloveoa@wikia.com,Male,46.218.108.161
876,Lydia,Olland,lollandob@dyndns.org,Male,96.220.179.216
877,Willi,Bezant,wbezantoc@acquirethisname.com,Female,78.122.205.22
878,Hervey,Tumulty,htumultyod@cdc.gov,Genderqueer,207.113.193.83
879,Dredi,D'Arrigo,ddarrigooe@princeton.edu,Male,255.87.154.4
880,Jobina,Seacroft,jseacroftof@studiopress.com,Male,64.41.133.78
881,Hamilton,Curness,hcurnessog@imdb.com,Male,151.33.247.0
882,Carlye,Ramshay,cramshayoh@cbsnews.com,Female,50.154.74.162
883,Lorelle,Skerman,lskermanoi@fotki.com,Male,74.28.94.49
884,Buddy,Lannon,blannonoj@timesonline.co.uk,Female,131.177.112.166
885,Lucilia,Clohissy,lclohissyok@clickbank.net,Male,46.63.98.194
886,Adriano,Simeone,asimeoneol@state.tx.us,Male,21.244.216.15
887,Wenda,McGrorty,wmcgrortyom@irs.gov,Female,230.218.126.153
888,Terrence,Trangmar,ttrangmaron@jimdo.com,Female,172.14.153.236
889,Cirillo,McCorkindale,cmccorkindaleoo@trellian.com,Male,32.86.93.20
890,Townie,Breckenridge,tbreckenridgeop@ezinearticles.com,Female,91.146.90.102
891,Nobe,O' Hanvey,nohanveyoq@parallels.com,Male,18.27.143.163
892,Amargo,Demangeot,ademangeotor@php.net,Male,230.247.162.211
893,Kaitlin,Napthine,knapthineos@japanpost.jp,Male,121.255.239.76
894,Corly,Greggs,cgreggsot@stanford.edu,Male,12.109.68.189
895,Ray,Harriman,rharrimanou@reference.com,Male,40.194.126.204
896,Boony,Jime,bjimeov@reddit.com,Agender,49.128.196.22
897,Onofredo,Beeton,obeetonow@mlb.com,Female,32.249.22.218
898,Oriana,Stather,ostatherox@yahoo.com,Female,31.26.17.60
899,Issi,Kassman,ikassmanoy@ucoz.ru,Male,74.70.6.128
900,Alexandr,Pimmocke,apimmockeoz@examiner.com,Female,107.104.210.248
901,Terence,Gammon,tgammonp0@upenn.edu,Male,146.67.69.187
902,Free,Healing,fhealingp1@amazon.co.uk,Female,187.152.108.59
903,Hamish,Elsy,helsyp2@skyrock.com,Male,45.133.4.46
904,Cherey,Hunting,chuntingp3@opera.com,Male,60.195.102.94
905,Oates,Lawn,olawnp4@slideshare.net,Male,89.74.143.157
906,Kendall,Tabbernor,ktabbernorp5@drupal.org,Male,173.157.218.223
907,Thaxter,Spinozzi,tspinozzip6@g.co,Male,20.248.212.193
908,Skelly,Palk,spalkp7@bing.com,Bigender,97.246.160.25
909,Ericha,Klimochkin,eklimochkinp8@printfriendly.com,Female,248.148.92.8
910,Shanta,Kniveton,sknivetonp9@japanpost.jp,Male,228.111.53.15
911,Tasia,Pryn,tprynpa@cocolog-nifty.com,Female,18.7.86.233
912,Liana,Franciottoi,lfranciottoipb@house.gov,Female,244.85.4.54
913,Beryle,Lamar,blamarpc@addtoany.com,Male,191.67.220.227
914,Jewel,Tenny,jtennypd@ucla.edu,Female,52.127.83.238
915,Nevins,Ceaplen,nceaplenpe@moonfruit.com,Male,65.22.142.201
916,Marta,Gillivrie,mgillivriepf@baidu.com,Female,17.15.23.175
917,Gonzales,Winscom,gwinscompg@umich.edu,Male,253.98.58.161
918,Hesther,Plenderleith,hplenderleithph@jiathis.com,Male,81.213.101.250
919,Ker,Gilbane,kgilbanepi@nih.gov,Female,151.106.81.137
920,Bernardina,Sheivels,bsheivelspj@last.fm,Female,30.104.241.37
921,Dun,Fagan,dfaganpk@homestead.com,Male,188.97.14.102
922,Angelina,Calken,acalkenpl@irs.gov,Male,205.118.192.219
923,Brodie,Farragher,bfarragherpm@twitpic.com,Female,146.83.247.186
924,Selene,Newcomb,snewcombpn@photobucket.com,Agender,32.61.207.107
925,Sophi,Dorber,sdorberpo@google.fr,Female,218.156.155.141
926,Hogan,Gyorgy,hgyorgypp@reverbnation.com,Bigender,196.57.249.98
927,Kial,Jahnig,kjahnigpq@newyorker.com,Female,97.198.66.156
928,Lane,Shears,lshearspr@github.com,Male,217.209.234.74
929,Quillan,Eastcourt,qeastcourtps@pcworld.com,Male,120.169.48.59
930,Cordy,Hulkes,chulkespt@homestead.com,Bigender,232.143.41.98
931,Bruce,Horley,bhorleypu@wisc.edu,Male,217.125.102.225
932,Barbabra,Millhill,bmillhillpv@wiley.com,Male,172.217.203.224
933,Carmela,Kemet,ckemetpw@wunderground.com,Polygender,106.156.173.204
934,Ogdon,Pyffe,opyffepx@mtv.com,Female,0.110.7.149
935,Curcio,Bewick,cbewickpy@nasa.gov,Male,233.148.9.112
936,Anna,Ascroft,aascroftpz@bloglines.com,Male,32.216.150.56
937,Clarabelle,Womack,cwomackq0@chicagotribune.com,Female,71.12.78.52
938,Matelda,Partkya,mpartkyaq1@parallels.com,Female,141.254.221.118
939,Tony,Ebbitt,tebbittq2@aol.com,Male,239.92.202.67
940,Bliss,Scarre,bscarreq3@springer.com,Male,214.167.66.224
941,Zita,Whittock,zwhittockq4@usda.gov,Female,61.86.77.71
942,Rici,Armin,rarminq5@netlog.com,Male,245.54.17.59
943,Riley,Dodgson,rdodgsonq6@ning.com,Male,126.70.116.148
944,Mill,Southerill,msoutherillq7@addthis.com,Female,192.165.194.248
945,Claresta,Winkell,cwinkellq8@opensource.org,Male,11.198.143.141
946,Lion,Winscum,lwinscumq9@cornell.edu,Female,162.125.230.78
947,Darryl,Burd,dburdqa@4shared.com,Female,117.165.83.200
948,Matt,Falls,mfallsqb@google.nl,Female,15.107.221.34
949,Willa,Birts,wbirtsqc@yelp.com,Female,236.239.2.79
950,Dona,Fardoe,dfardoeqd@forbes.com,Male,232.19.99.102
951,Kirsti,Crownshaw,kcrownshawqe@edublogs.org,Female,249.82.43.22
952,Hope,Chretien,hchretienqf@thetimes.co.uk,Female,189.171.179.167
953,Emelyne,Lebel,elebelqg@example.com,Male,55.117.164.213
954,Filberto,Iowarch,fiowarchqh@icio.us,Female,124.44.51.143
955,Tabby,Letixier,tletixierqi@newyorker.com,Male,28.220.35.229
956,Vittoria,Kowalski,vkowalskiqj@slashdot.org,Male,125.162.49.233
957,Fairfax,Crevy,fcrevyqk@aboutads.info,Agender,154.115.68.185
958,Corliss,Brabban,cbrabbanql@mapy.cz,Female,86.243.242.214
959,Hayes,Casswell,hcasswellqm@cafepress.com,Male,47.210.31.57
960,Maxim,Leet,mleetqn@naver.com,Male,43.77.107.123
961,Sheila,Heinert,sheinertqo@techcrunch.com,Male,75.250.114.66
962,Xenos,Presley,xpresleyqp@hugedomains.com,Male,84.182.221.81
963,Aristotle,Mintram,amintramqq@storify.com,Male,245.254.205.79
964,Cirilo,Manicom,cmanicomqr@artisteer.com,Male,34.98.174.82
965,Missie,Penhalewick,mpenhalewickqs@wisc.edu,Female,37.188.36.76
966,Teodorico,Oakenfield,toakenfieldqt@tinyurl.com,Male,60.83.14.0
967,Caren,Windsor,cwindsorqu@guardian.co.uk,Male,193.154.57.52
968,Mechelle,MacIlhagga,mmacilhaggaqv@buzzfeed.com,Female,95.146.161.238
969,Devin,Hulmes,dhulmesqw@issuu.com,Bigender,162.218.181.119
970,Edie,Tomkins,etomkinsqx@amazon.co.uk,Male,98.98.44.134
971,Goldy,Bassill,gbassillqy@eepurl.com,Male,0.101.20.103
972,Lance,Konneke,lkonnekeqz@jalbum.net,Female,224.135.21.20
973,Maribelle,Lewerenz,mlewerenzr0@latimes.com,Female,206.255.181.213
974,Jerrie,Cusick,jcusickr1@baidu.com,Female,82.19.107.158
975,Lenka,Baudic,lbaudicr2@prnewswire.com,Female,120.180.202.102
976,Ulrica,Enos,uenosr3@baidu.com,Male,187.57.178.64
977,Carena,Tulley,ctulleyr4@virginia.edu,Female,82.149.162.170
978,Ardyce,Hearsey,ahearseyr5@mit.edu,Female,114.106.26.194
979,Nathalia,Yashin,nyashinr6@infoseek.co.jp,Male,101.155.143.88
980,Roxine,Gerrell,rgerrellr7@apple.com,Female,142.217.168.43
981,Jaymee,Dunleavy,jdunleavyr8@dagondesign.com,Female,62.50.174.111
982,Edithe,Armor,earmorr9@rambler.ru,Genderqueer,209.124.43.178
983,Mal,Swidenbank,mswidenbankra@creativecommons.org,Female,166.134.184.242
984,Helenka,Phette,hphetterb@instagram.com,Male,127.237.90.18
985,Ashton,Turton,aturtonrc@ustream.tv,Female,144.224.191.75
986,Jorie,Poundford,jpoundfordrd@forbes.com,Female,155.149.43.253
987,Kylen,Osmint,kosmintre@army.mil,Male,114.42.247.36
988,Stephani,Raulstone,sraulstonerf@upenn.edu,Female,180.86.80.100
989,Kirby,Sommerling,ksommerlingrg@dropbox.com,Male,187.96.246.69
990,Tymothy,Heinemann,theinemannrh@newyorker.com,Male,57.133.117.183
991,Shanta,Monkley,smonkleyri@networksolutions.com,Male,207.247.168.226
992,Jaye,Beetham,jbeethamrj@hao123.com,Agender,200.27.141.109
993,Belita,Dinley,bdinleyrk@blogtalkradio.com,Female,9.17.211.108
994,Archambault,Misselbrook,amisselbrookrl@discuz.net,Polygender,204.245.105.71
995,Bobbye,Kristof,bkristofrm@bing.com,Bigender,102.37.11.129
996,Quinn,Bullent,qbullentrn@nsw.gov.au,Female,237.140.35.152
997,Perrine,Lilburne,plilburnero@godaddy.com,Female,79.31.104.185
998,Davide,Bevington,dbevingtonrp@hostgator.com,Female,74.153.91.113
999,Tommie,Szepe,tszeperq@jalbum.net,Female,228.32.235.6
1000,Ranique,Boocock,rboocockrr@a8.net,Female,151.110.173.173
